test_index,error_type,true_label,predicted_label,confidence,text
1294,False Positive,0,1,0.901771808513441,"I have recently found this film on one of my husband's VHS tapes (the blank variety which he uses to record stuff from the telly). The film looks as if it was last shown in the eighties and I don't remember having seen it since. It has not (to my knowledge) been released on DVD or VHS although I shall browse around for a copy.<br /><br />The film tells the story of three young people: two girls, one on the edge of puberty and the other much younger, and a young boy who go to live with their mother's brother and his young, mute Irish wife. His wife also has two brothers who live with them. The children's uncle is an unpleasant control freak who forces his young wife to wear a silver collar whilst she watches a marionette show put on by him and her brothers in his toyshop.<br /><br />The eldest girl and one of the Irishmen (the younger) develop a love for each other whilst they live in the same house. The girl helps her aunt out in the shop whilst her brother helps his uncle to make things in the workshop.<br /><br />There are a lot of very disturbing elements to the film. There is the uncle's treatment of his wife as some kind of dumb (literally) possession (illustrated by the collar) whilst the Irish indulge dancing, drinking and somewhat forbidden love. Interestingly, though, I have seen far more explicit themes played out in other movies made in Hollywood today.<br /><br />Makes you wonder whether the British film industry and the BBC have some kind of hidden agenda going on.<br /><br />Still, despite it not being a children's movie, there are a lot of playful, magic moments in it and the one Irishman does some beautiful paintings."
1836,False Positive,0,1,0.9159529360473596,"Based on the comments made so far, everyone seems to either hate this movie or love it. I think it would be fair to point out that although this is not a GREAT movie, it has its interesting moments. For one thing, it was filmed on location in Colorado (was it Breckinridge or Telluride? I can't remember, but it is in the credits). The location is absolutely stunning and spectacular. It's beautiful, even to me who lived in Colorado for several years.<br /><br />Next, it has Disney's penchant for wonderful character actors. Harry Morgan has never been in better form than when he plays in a Disney movie. He is literally hysterical. Also, remember the wonderful Mary Wickes? Although she has a ""bit part"" in this movie, she is great, as always. If you don't know who she is, think of the animated Disney version of Hunchback from Notre Dame (she was one of the gargoyles), and she was also the most interesting nun in ""Sister Act"", as well as the best nun in ""The Trouble With Angels."" She has always been a great character actress and most character actors never receive the recognition they deserve.<br /><br />In addition to character actors and all-star casts, in the 1960s-1970s Disney may have not had the ""greatest"" movies, but, if you really watch some of them from beginning to end, you will NOTICE that every movie has some really funny or hysterical moment in it. The entire movie may not be funny, but there is always a comic gem (at least 1 or 2) in every single ""live-action"" movie Disney ever made. Whether it's Harry Morgan in one of his bellowing tones of voice, or Tim Conway floundering around, or Joe Flynn giving one of his priceless looks of horror, it is all good. The whole film may not be good, but there are ALWAYS hysterical moments in every Disney film from this period that I have ever seen. Disney in this time period always managed to make a person smile, despite the dumbness of the film.<br /><br />Bsed on these comments, I disagree with viewers who say every Disney movie in this time period is awful. That statement it not quite accurate. Rather, it is easier for me to give credit to the funny moments and overlook the weaknesses in the plots.<br /><br />Some live-action Disney movies are true classics (Old Yeller, Bedknobs and Broomsticks, Mary Poppins), but for those that aren't, I am able to appreciate them for what they were -- good clean family fun in a time when movies had become vulgar, crude and offensive."
2367,False Positive,0,1,0.9315125966216116,"This movie was pure genius. John Waters is brilliant. It is hilarious and I am not sick of it even after seeing it about 20 times since I bought it a few months ago. The acting is great, although Ricki Lake could have been better. And Johnny Depp is magnificent. He is such a beautiful man and a very talented actor. And seeing most of Johnny's movies, this is probably my favorite. I give it 9.5/10. Rent it today!"
5261,False Positive,0,1,0.950189119198322,"This film has the language, the style and the attitude down ... plus greats rides from Occy (a world champ) and the great Jerry Lopez. John Philbin as Turtle has the surf pidgin down, and the surfing scenes are still the best ever. A true classic that can be seen many times. Nia Peeples is a babe, and Laird Hamilton shows the early stuff that has made him the world's number one extreme surfer."
6057,False Positive,0,1,0.9662320721772938,This is definitely one of the best Kung fu movies in the history of Cinema. The screenplay is really well done (which is not often the case for this type of movies) and you can see that Chuck (in one of his first role)is a great actor. The final fight with the sherif deputy in the bullring is a masterpiece!
7268,False Positive,0,1,0.9212790489112452,"I enjoyed the beautiful scenery in this movie the first time I saw it when I was 9 . Dunderklumpen is kind of cute for kiddies in a corny way. It reminded me of HRPUFFINSTUFF on sat mornings, Its Swedish backdrops make it easy on the eyes . Don't expect older kids to be interested as the live action/animation is way behind the times and most older kids will get bored.This is definitely an under 10 age set movie and a nice bit of memories for those of us who were little kids in 1974."
8244,False Positive,0,1,0.9486546655788162,"Mickey Rourke hunts Diane Lane in Elmore Leonard's Killshot It is not like Mickey Rourke ever really disappeared. He has had a steady string of appearances before he burst back on the scene. He was memorable in: Domino, Sin City, Man on Fire, Once Upon a Time in Mexico, and Get Carter. But in his powerful dramatic performance in The Wrestler (2008), we see a full blown presentation of the character only hinted at in Get Carter. Whenever we get to know him, Rourke remains a cool, but sleazy, muscle bound slim ball.<br /><br />This is an Elmore Leonard story, and production. Leonard wrote such notable movies as taunt western thriller 3:10 to Yuma, Be Cool, Jackie Brown, Get Shorty, 52 Pick-Up, and Joe Kidd. This means that we get tough guys, some good, some not so good.<br /><br />It also means we get tight, realistic plots with characters doing what is best for them in each situation, weaving complications into violent conclusions. Killshot is no different. Tough, slim ball killer Rourke stalks unhappily married witness Lane. Think History of Violence meets No Country for Old Men. It is not as intense, bloody or gory as those two, but it is almost as good. If you like those two, including David Croneberg's equally wonderful Eastern Promises, you will like Killshot also.<br /><br />Director John Madden has not done a lot of movies. His last few were enjoyable, if not successful: Proof, Captain Corelli's Mandolin and Shakespeare in Love.<br /><br />Diana Lane hasn't had a powerful movie role since she and Richard Gere gave incredible performances in Unfaithful. Lately she is charming and appealing in romantic stories such as Nights in Rodanthe, Must Love Dogs, and Under the Tuscan Sun. Here she is right on mark, balancing her sexy appeal with reserved tension.<br /><br />This is a small part for Rosario Dawson. Yet Dawson does a good job with it. You see a lot more of Lane, including an underwear scene to rival Sigourney Weaver in Aliens and Nicole Kidman in Eyes Wide Shut.<br /><br />While you are in the crime drama section, also pick up Kiss, Kiss, Bang, Bang, and Gone Baby Gone, and Before the Devil Knows Your Dead. The last has wonderful performances by Phillip Seymour Hoffman, Ethan Hawke, Marisa Tomei and Albert Finney.<br /><br />Killshot flopped at the box office. More is our luck. It is certainly worth a 3-4 dollar rental, if you like this genre. 6/20/2009"
9274,False Positive,0,1,0.9089573935172824,"This has to be one of, if not THE greatest Mob/Crime films of all time. Every thing about this movie is great, the acting in this film is of true quality; Master P's acting skills make you actually believe he is Italian! The cinematography is excellent too, probably the best ever. This movie was great; and I have the brain capacity of an earth worm."
9666,False Positive,0,1,0.8988509074800144,"'Ernest Saves Christmas' is comedian Ernest's Christmas special film. In this film, Ernest has to find a successor to Santa Claus in order for Christmas to continue. Along the way, he meets a young girl who is a thief and who ends up stealing something very important of Santa's (I won't tell you what that is; you'll just have to watch the film for yourself). Like most Ernest films, there is a lot of slapstick humor involved.<br /><br />This film is probably one of Ernest's best films. It's funny, and it has some important lessons to learn regarding friendship and family and not being afraid to show love. It's not the best Christmas film around, but it is a good one to get you in the Christmas spirit. It's a little bit sad that the film is a little dated now."
11253,False Positive,0,1,0.9099573346246936,"In all honesty, I haven't seen this film for many years, but the few times I have tend to make parts of it stick in my memory, as anyone who has seen it will understand. I first saw it as a child at a YMCA Halloween party in the early Sixties, and it scared the hell out of us kids, in a fun way. I remember feeling genuine anxiety about the unknown thing lurking in the maze. I can't risk giving away the ending, except to say that it was surprising, to say the least. I remember vaguely the entire audience of young boys letting out a big scared holler, followed by laughter when the terrible secret was revealed. The ending has been seen by most viewers as one of the greatest unintentionally funny climaxes to a movie in film history, and yet oddly moving, in a way. You have to see it for yourself, which is not easy these days. I don't know if it's available on home video or not, but it would still make a great Halloween feature for both kids and adults."
14067,False Negative,1,0,0.8774122804684071,"Simon Wests pg-13 thriller about a babysitter who gets disturbing prank calls while sitting at a mansion is neither original nor exciting enough to be called a good film. Although there are some elements of suspense, good eye candy and decent characters, the film is just another I know what you did last summer, as it falls short of being taken seriously. The performances were alright, but nothing special with this flick, i say skip it, unless you are looking for a mediocre movie, you can find better films than this on lifetime sometimes, okay maybe not lifetime but at least USA or somethin, haha.... <br /><br />7/10"
16858,False Negative,1,0,0.9244753260481192,"When the movie first started I thought cheesy. The first ten minutes were really boring. After the slow beginning and some of the soap opera antics, I started liking it. The plot was different than anything I had ever seen. Now, was it a horror? Not really. It shouldn't have been classied as a horror or the producers should have put more money into the movie to make it scary. As it was, the creatures where only there for a short time. I can only assume this was for money reason.<br /><br />The good side was that the movie was very entertaining. It held my interest (after the start) and did make me wonder about creatures from another dimension.<br /><br />It was obvious that this was a first time movie for the director, but there were a couple of highlights. By the end, I was hooked. Too bad Hollywood didn't put more money behind this."
16993,False Negative,1,0,0.9220988869667804,"**SPOILERS AHEAD**<br /><br />It is really unfortunate that a movie so well produced turns out to be<br /><br />such a disappointment. I thought this was full of (silly) clichés and<br /><br />that it basically tried to hard. <br /><br />To the (American) guys out there: how many of you spend your<br /><br />time jumping on your girlfriend's bed and making monkey<br /><br />sounds? To the (married) girls: how many of you have suddenly<br /><br />gone from prudes to nymphos overnight--but not with your<br /><br />husband? To the French: would you really ask about someone<br /><br />being ""à la fac"" when you know they don't speak French? Wouldn't<br /><br />you use a more common word like ""université""? <br /><br />I lived in France for a while and I sort of do know and understand<br /><br />Europe (and I love it), but my (German) roommate and I found this<br /><br />pretty insulting overall. It looked like a movie funded by the<br /><br />European Parliament, and it tried too hard basically. It had all<br /><br />sorts of differences that it tried to tie together (not a bad thing in<br /><br />itself) but the result is at best awkward, but in fact ridiculous--too<br /><br />many clashes that wouldn't really happen. Then the end of the<br /><br />movie--the last 10 minutes--ruined all the rest. Why doesn't Xavier<br /><br />talk to the Erasmus students he meets back in Paris? Why does<br /><br />he just walk off? Why does he just run away from his job, is that<br /><br />""freedom""? And in the end, is the new Europe supposed to rest on<br /><br />a bunch of people who smoke up and shag all day? Is this what<br /><br />it's made up of? <br /><br />Besides, the acting was pretty horrible. I can't believe Judith<br /><br />Godrèche's role and acting. Why was she made to look like<br /><br />Emanuelle Béart so much? At first I thought Xavier was OK but<br /><br />with retrospect I think he was pretty bad. <br /><br />And that's all really too bad, because technically (opening credits,<br /><br />scenes when he's asking what papers he needs) it was really<br /><br />good (except for sound editing around the British siblings), and the<br /><br />soundtrack was great too. So the form was good, but the content<br /><br />pretty horrible."
17743,False Negative,1,0,0.8967900118278491,"''Meet Sherri..for an evening of Pleasure and Terror!'' Cheap special effects,cheesy lines,yep its the original 1978 Movie ''Nurse Sherri'' Starting Geoffrey Land as Peter Desmond,and Jill Jacobson as Sherri Martin and Directed by Al Adamson.<br /><br />The movie is about an evil ancient spirit that possesses a nurse at a hospital,then she starts killing doctors one by one.The acting was okay but some of the acting was robotic.The storyline was good but the sex scenes were just thrown in there probably to get more views.The directing was bad,And the special effects looked like a drawing,the effects didn't fool anybody.the death scenes were pretty good but the director mixed too many things in there that didn't make any sense like the sex scenes,the nudity,the football player,and many more.<br /><br />Overall Its A Good Movie,But Not The Best.<br /><br />7 Out Of 10"
17767,False Negative,1,0,0.8979436541740424,"No real plot, no character development, no Scorcese-level direction, but seriously, were you really expecting any of this? The only thing that matters is that this flick is absolutely hilarious, nearly on the same level as Borat. Sure, the ending drags a bit, but if Borat's cameo didn't crack you up, you must be the worst batty boy in the history of batty boys. Sacha Baron Cohen is possibly the greatest comedian ALIVE, and here he gets more laughs than Jude Law on a nude beach. I dare you not to laugh.<br /><br />If you can pull the ten-foot pole out of your behind for an hour and a half and just enjoy some well timed and extremely stupid jokes in a stupid story about a stupid character, see this stupid movie. You'll be glad you did. Keep it real!"
19432,False Negative,1,0,0.8984646098815562,"""Comanche Moon"" had everything going for it. For starters, Simon Wincer's back, a man who's name is synonymous with high-quality TV westerns. Unfortunately, the problems with ""Moon"" are something even the most talented director couldn't solve: A poor script based on a lackluster novel.<br /><br />Forget historical accuracies -- as any reader of the novels can tell you, the biggest travesty in ""Moon"" is that it's not even consistent with information from the original ""Lonesome Dove"" masterpiece. So many wonderful, rich moments in the miniseries and, to an even greater degree, the book, are completely missing in ""Moon."" Considering the fact that most viewers of ""Moon"" are probably coming with at least some sort of ""Dove"" background, the lack of character-driven and emotional backstory is downright painful. <br /><br />That said, ""Moon"" is one instance where the adapted version could and should have been altered to make it more suitable for the screen. For example, the novel ""Moon"" focuses largely on the Comanches themselves. To its credit, the miniseries tries to service the Comanches, but in the end it gives them just enough that the viewer just gets a sense they're missing out on some important part of the story. Similarly, Val Kilmer's Scull loses out here too -- the role should have either been expanded so Kilmer (and Rachel Griffiths, for that matter) actually had something to do, or the roles should have just been reduced to smaller, supporting parts. Instead, Kilmer gets top billing for a character that just leaves you scratching your head after his appearance in the completely bizarre final act. <br /><br />There's strange moments throughout the film that just make no sense to those who haven't read the book (a killer parrot? what?) -- further, there isn't a single scene that shows us that Call and McCrae are anything near the amazing Texas rangers they claim to be. Not a single one of their expeditions in Moon (or ""Dead Man's Walk,"" for that matter) ends successfully, and Call and McCrae just seem to blunder their way through one pointless mission after another.<br /><br />Frankly, Larry McMurtry should never have been given the job of writing the script, and only did so because of the praise surrounding that other cowboy movie, Brokeback Mountain. McMurtry can write good novels (although there's some dissension over the consistency of that statement), but he's never exactly established himself as a scriptwriter. This production would have benefited from not only bringing back director Wincer, but original screenwriter Bill Wittcliff to adapt the novel to screen. Witcliff doesn't exactly have a mountainload of material to his screen writing credit, but no one can deny he did a fantastic job at whittling down the original ""Lonesome Dove."" With all this said, ""Comanche Moon"" is almost a brilliant production, aided by a terrific cast that unfortunately just aren't given enough to do. Steve Zahn's portrayal of Gus McCrae -- or rather, his portrayal of Robert Duvall as Gus McCrae -- is dead-on. And while some have criticized Karl Urban as Woodrow Call, saying his performance doesn't imitate the quiet, stoic Woodrow of the original movie, all I can say is: blame McMurtry, because McMurtry is the one who -- both in the ""Moon"" novel and now the miniseries -- turned Woodrow from socially inept, awkward, but natural leader, into some emotionless character whose lines are just dull and whose character motivations are only clear if you've seen them portrayed far more adequately in the ""sequel"".<br /><br />Still, it's the cast that sparkles in ""Moon,"" to the degree that I left the miniseries with that same feeling of melancholy I felt watching the original ""Lonesome Dove"" -- this time because I realized it's probably the last time we'll see these characters appear on screen for a long, long time to come -- and quite honestly, this cast could have done so well in a well-nurtured, full-blown network TV series.<br /><br />All in all, aside from wasted opportunities with the cast, the biggest travesty is that the original Lonesome Dove novel contained so much rich backstory for the characters that would have been fascinating, utterly fascinating, to see translated on screen. Unfortunately, all that has been tossed aside in favor of McMurtry's tedious, inconsistent and ultimately irrelevant, prequel."
19873,False Negative,1,0,0.8795120063725621,"What is your freaking problem? Do you have nothing better to do than sit on your fat asses and blog about about how you find something in bad taste? Here's an idea:Go outside. That's right: Walk outside your mom's basement that you've been living in for 13 years and GO OUTSIDE. ""But I can't leave! Star Trek is on in 30 minutes and I still haven't married that avatar on World Of Warcraft!"" Oh my God, in that case, stay inside! Alright, I might have gone overboard there. I mean, Star Trek is okay but I don't really watch it that much anymore. Either way, do you really have to write crap about Mind of Mencia. It's A GOOD SHOW. Maybe you're just venting your anger because that girl dumped you on World of Warcraft. Or you're constipated. Try putting fiber in your diet."
19929,False Negative,1,0,0.8972132043204504,"Actually I'll admit I'm a political junkie, so this resonated with me, but the erratic nature of Ms. Green (yes I know what they did to her), but the ending was such a copout and totally inconsistent with the film itself.<br /><br />Why can't Barry L and crew just left us wondering what he was going to do? Let us debate it.<br /><br />Instead they have this ""oh I'm not worthy"" bullshit ending and it just shows that when the chips were down it's better to leave the table instead of doubling down. Stop the Disney ending and putting a bow on it. Life isn't easy, they should have had the courage to give the main character some backbone.<br /><br />We had to listen to the rhetoric the entire movie... and then it turned sniveling and the stupid, inane behavior by Ms. Green (when the crap was out of her system) just made for a ridiculous near end of the movie that was icing on the cake."
20780,False Negative,1,0,0.8854508344970861,"I enjoyed this series, but felt that the whole thing was let down by the sound recording/mixing.<br /><br />For whatever reason, they've had to employ an awful lot of what's called ADR, where the actors replace the original location sound with a re-recording of it in a sound booth.<br /><br />The reasons for doing this are usually due to problems at the location, or because somebody screwed up somewhere in the sound production chain.<br /><br />It wouldn't be so bad if the ADR was done well, but at times it's just plain distracting. It's not just the ADR that's the problem - the sound mix just doesn't match up to the quality of performances and the pictures.<br /><br />I'd be curious to know what went wrong."
22926,False Negative,1,0,0.9186242091360476,"This was Laurel and Hardy's last silent film for Roach Studios. However, since the public had a real thirst for ""talkies"", this same short was re-made by the team just a few years later with only a few small plot changes. LAUGHING GRAVY was essentially the same plot except that Stan and Ollie were trying to hide a cute puppy from their grouchy landlord--not a goat like in ANGORA LOVE. This whole goat angle is the worst part of the film. While you could understand the boys wanting to keep a cute little dog (after all, it is snowy outside), why exactly they bring a goat home is just contrived and pointless. According to the plot, the goat followed them home and so they got tired of shooing it away and kept it. Huh?! This just doesn't make any sense--if it had been a giraffe or a cow, would they have done the same thing?! Apart from being an unconvincing plot, the movie itself is pure Laurel and Hardy, with a familiar plot and familiar roles for the comedians. This film features quite a few laughs, but unfortunately isn't one of their better films to wrap up their silent careers. This aspect of their careers just seems to have ended with a whimper."
