test_index,error_type,true_label,predicted_label,confidence,short_text
6057,False Positive,0,1,0.9662320721772938,This is definitely one of the best Kung fu movies in the history of Cinema. The screenplay is really well done (which is not often the case for this type of movies) and you can see that Chuck (in one of his first role)is a great actor. The final fight with the sherif deputy in the bullring is a masterpiece!
5261,False Positive,0,1,0.950189119198322,"This film has the language, the style and the attitude down ... plus greats rides from Occy (a world champ) and the great Jerry Lopez. John Philbin as Turtle has the surf pidgin down, and the surfing scenes are still the best ever. A true classic that can be seen many times. Nia Peeples is a babe, and Laird Hamilton shows the early stuff that has made him the world's number one extreme surfer."
8244,False Positive,0,1,0.9486546655788162,"Mickey Rourke hunts Diane Lane in Elmore Leonard's Killshot It is not like Mickey Rourke ever really disappeared. He has had a steady string of appearances before he burst back on the scene. He was memorable in: Domino, Sin City, Man on Fire, Once Upon a Time in Mexico, and Get Carter. But in his powerful dramatic performance in The Wrestler (2008), we see a full blown presentation of the character only hinted at in Get Carter. Whenever we get to know him, Rourke remains a cool, but sleazy, musc"
2367,False Positive,0,1,0.9315125966216116,"This movie was pure genius. John Waters is brilliant. It is hilarious and I am not sick of it even after seeing it about 20 times since I bought it a few months ago. The acting is great, although Ricki Lake could have been better. And Johnny Depp is magnificent. He is such a beautiful man and a very talented actor. And seeing most of Johnny's movies, this is probably my favorite. I give it 9.5/10. Rent it today!"
7268,False Positive,0,1,0.9212790489112452,"I enjoyed the beautiful scenery in this movie the first time I saw it when I was 9 . Dunderklumpen is kind of cute for kiddies in a corny way. It reminded me of HRPUFFINSTUFF on sat mornings, Its Swedish backdrops make it easy on the eyes . Don't expect older kids to be interested as the live action/animation is way behind the times and most older kids will get bored.This is definitely an under 10 age set movie and a nice bit of memories for those of us who were little kids in 1974."
1836,False Positive,0,1,0.9159529360473596,"Based on the comments made so far, everyone seems to either hate this movie or love it. I think it would be fair to point out that although this is not a GREAT movie, it has its interesting moments. For one thing, it was filmed on location in Colorado (was it Breckinridge or Telluride? I can't remember, but it is in the credits). The location is absolutely stunning and spectacular. It's beautiful, even to me who lived in Colorado for several years.<br /><br />Next, it has Disney's penchant for w"
11253,False Positive,0,1,0.9099573346246936,"In all honesty, I haven't seen this film for many years, but the few times I have tend to make parts of it stick in my memory, as anyone who has seen it will understand. I first saw it as a child at a YMCA Halloween party in the early Sixties, and it scared the hell out of us kids, in a fun way. I remember feeling genuine anxiety about the unknown thing lurking in the maze. I can't risk giving away the ending, except to say that it was surprising, to say the least. I remember vaguely the entire "
9274,False Positive,0,1,0.9089573935172824,"This has to be one of, if not THE greatest Mob/Crime films of all time. Every thing about this movie is great, the acting in this film is of true quality; Master P's acting skills make you actually believe he is Italian! The cinematography is excellent too, probably the best ever. This movie was great; and I have the brain capacity of an earth worm."
1294,False Positive,0,1,0.901771808513441,"I have recently found this film on one of my husband's VHS tapes (the blank variety which he uses to record stuff from the telly). The film looks as if it was last shown in the eighties and I don't remember having seen it since. It has not (to my knowledge) been released on DVD or VHS although I shall browse around for a copy.<br /><br />The film tells the story of three young people: two girls, one on the edge of puberty and the other much younger, and a young boy who go to live with their moth"
9666,False Positive,0,1,0.8988509074800144,"'Ernest Saves Christmas' is comedian Ernest's Christmas special film. In this film, Ernest has to find a successor to Santa Claus in order for Christmas to continue. Along the way, he meets a young girl who is a thief and who ends up stealing something very important of Santa's (I won't tell you what that is; you'll just have to watch the film for yourself). Like most Ernest films, there is a lot of slapstick humor involved.<br /><br />This film is probably one of Ernest's best films. It's funny"
16858,False Negative,1,0,0.9244753260481192,"When the movie first started I thought cheesy. The first ten minutes were really boring. After the slow beginning and some of the soap opera antics, I started liking it. The plot was different than anything I had ever seen. Now, was it a horror? Not really. It shouldn't have been classied as a horror or the producers should have put more money into the movie to make it scary. As it was, the creatures where only there for a short time. I can only assume this was for money reason.<br /><br />The g"
16993,False Negative,1,0,0.9220988869667804,**SPOILERS AHEAD**<br /><br />It is really unfortunate that a movie so well produced turns out to be<br /><br />such a disappointment. I thought this was full of (silly) clichés and<br /><br />that it basically tried to hard. <br /><br />To the (American) guys out there: how many of you spend your<br /><br />time jumping on your girlfriend's bed and making monkey<br /><br />sounds? To the (married) girls: how many of you have suddenly<br /><br />gone from prudes to nymphos overnight--but not wit
22926,False Negative,1,0,0.9186242091360476,"This was Laurel and Hardy's last silent film for Roach Studios. However, since the public had a real thirst for ""talkies"", this same short was re-made by the team just a few years later with only a few small plot changes. LAUGHING GRAVY was essentially the same plot except that Stan and Ollie were trying to hide a cute puppy from their grouchy landlord--not a goat like in ANGORA LOVE. This whole goat angle is the worst part of the film. While you could understand the boys wanting to keep a cute "
19432,False Negative,1,0,0.8984646098815562,"""Comanche Moon"" had everything going for it. For starters, Simon Wincer's back, a man who's name is synonymous with high-quality TV westerns. Unfortunately, the problems with ""Moon"" are something even the most talented director couldn't solve: A poor script based on a lackluster novel.<br /><br />Forget historical accuracies -- as any reader of the novels can tell you, the biggest travesty in ""Moon"" is that it's not even consistent with information from the original ""Lonesome Dove"" masterpiece. "
17767,False Negative,1,0,0.8979436541740424,"No real plot, no character development, no Scorcese-level direction, but seriously, were you really expecting any of this? The only thing that matters is that this flick is absolutely hilarious, nearly on the same level as Borat. Sure, the ending drags a bit, but if Borat's cameo didn't crack you up, you must be the worst batty boy in the history of batty boys. Sacha Baron Cohen is possibly the greatest comedian ALIVE, and here he gets more laughs than Jude Law on a nude beach. I dare you not to"
19929,False Negative,1,0,0.8972132043204504,"Actually I'll admit I'm a political junkie, so this resonated with me, but the erratic nature of Ms. Green (yes I know what they did to her), but the ending was such a copout and totally inconsistent with the film itself.<br /><br />Why can't Barry L and crew just left us wondering what he was going to do? Let us debate it.<br /><br />Instead they have this ""oh I'm not worthy"" bullshit ending and it just shows that when the chips were down it's better to leave the table instead of doubling down."
17743,False Negative,1,0,0.8967900118278491,"''Meet Sherri..for an evening of Pleasure and Terror!'' Cheap special effects,cheesy lines,yep its the original 1978 Movie ''Nurse Sherri'' Starting Geoffrey Land as Peter Desmond,and Jill Jacobson as Sherri Martin and Directed by Al Adamson.<br /><br />The movie is about an evil ancient spirit that possesses a nurse at a hospital,then she starts killing doctors one by one.The acting was okay but some of the acting was robotic.The storyline was good but the sex scenes were just thrown in there p"
20780,False Negative,1,0,0.8854508344970861,"I enjoyed this series, but felt that the whole thing was let down by the sound recording/mixing.<br /><br />For whatever reason, they've had to employ an awful lot of what's called ADR, where the actors replace the original location sound with a re-recording of it in a sound booth.<br /><br />The reasons for doing this are usually due to problems at the location, or because somebody screwed up somewhere in the sound production chain.<br /><br />It wouldn't be so bad if the ADR was done well, but"
19873,False Negative,1,0,0.8795120063725621,"What is your freaking problem? Do you have nothing better to do than sit on your fat asses and blog about about how you find something in bad taste? Here's an idea:Go outside. That's right: Walk outside your mom's basement that you've been living in for 13 years and GO OUTSIDE. ""But I can't leave! Star Trek is on in 30 minutes and I still haven't married that avatar on World Of Warcraft!"" Oh my God, in that case, stay inside! Alright, I might have gone overboard there. I mean, Star Trek is okay "
14067,False Negative,1,0,0.8774122804684071,"Simon Wests pg-13 thriller about a babysitter who gets disturbing prank calls while sitting at a mansion is neither original nor exciting enough to be called a good film. Although there are some elements of suspense, good eye candy and decent characters, the film is just another I know what you did last summer, as it falls short of being taken seriously. The performances were alright, but nothing special with this flick, i say skip it, unless you are looking for a mediocre movie, you can find be"
